IMAGE, DETECTOR, DESCRIPTOR, MATCHER, SELECTOR, #KEYPOINTS, #DESCRIPTORS, #MATCHED KEYPOINTS, TTC CAMERA, TTC LIDAR, DETECTOR ELAPSED TIME, DESCRIPTOR ELAPSED TIME, MATCHER ELAPSED TIME
1, SHITOMASI, BRISK, MAT_BF, SEL_KNN, 1759, 9792, 103, 13.0894, 12.5156, 14.477, 2.74393, 0.717436
2, SHITOMASI, BRISK, MAT_BF, SEL_KNN, 1820, 10048, 99, 13.1626, 12.6142, 12.8907, 2.77575, 0.68986
3, SHITOMASI, BRISK, MAT_BF, SEL_KNN, 1850, 9728, 98, 12.5261, 14.091, 14.0653, 2.70994, 0.877557
4, SHITOMASI, BRISK, MAT_BF, SEL_KNN, 1828, 10048, 99, 13.0791, 16.6894, 16.0938, 2.79056, 0.695804
5, SHITOMASI, BRISK, MAT_BF, SEL_KNN, 1806, 9344, 99, 12.3509, 15.7465, 12.7797, 2.63658, 0.673836
6, SHITOMASI, BRISK, MAT_BF, SEL_KNN, 1877, 9216, 101, 14.2385, 12.7835, 12.8737, 2.62361, 0.65167
7, SHITOMASI, BRISK, MAT_BF, SEL_KNN, 1894, 9152, 96, 13.3382, 11.9844, 12.9672, 2.62556, 0.618642
8, SHITOMASI, BRISK, MAT_BF, SEL_KNN, 1889, 9408, 107, 13.4099, 13.1241, 12.8561, 2.63763, 1.19044
9, SHITOMASI, BRISK, MAT_BF, SEL_KNN, 1917, 8832, 101, 12.3713, 13.0241, 14.0089, 2.5639, 0.61149
10, SHITOMASI, BRISK, MAT_BF, SEL_KNN, 1874, 8384, 97, 14.329, 11.1746, 13.9902, 2.50955, 0.569882
11, SHITOMASI, BRISK, MAT_BF, SEL_KNN, 1912, 8832, 85, 11.4547, 12.8086, 12.8476, 4.03154, 0.566151
12, SHITOMASI, BRISK, MAT_BF, SEL_KNN, 1930, 8960, 102, 12.306, 8.95978, 14.0393, 2.57497, 0.606418
13, SHITOMASI, BRISK, MAT_BF, SEL_KNN, 1881, 8832, 104, 12.4032, 9.96439, 12.9393, 2.50566, 0.581317
14, SHITOMASI, BRISK, MAT_BF, SEL_KNN, 1886, 8128, 101, 15.977, 9.59863, 13.4407, 2.47631, 0.558434
15, SHITOMASI, BRISK, MAT_BF, SEL_KNN, 1957, 9408, 93, 11.7034, 8.52157, 12.6022, 2.64751, 0.570596
16, SHITOMASI, BRISK, MAT_BF, SEL_KNN, 1888, 8576, 93, 11.5903, 9.51552, 13.2762, 2.50833, 0.630984
17, SHITOMASI, BRISK, MAT_BF, SEL_KNN, 1919, 8960, 93, 12.9008, 9.61241, 13.8653, 4.11048, 0.570916
1, SHITOMASI, BRIEF, MAT_BF, SEL_KNN, 1759, 4896, 129, 19.4223, 12.5156, 12.5551, 1.2753, 0.640452
2, SHITOMASI, BRIEF, MAT_BF, SEL_KNN, 1820, 5024, 135, 17.4397, 12.6142, 12.7608, 1.3022, 0.705385
3, SHITOMASI, BRIEF, MAT_BF, SEL_KNN, 1850, 4864, 134, 13.8505, 14.091, 13.0634, 1.32474, 0.670209
4, SHITOMASI, BRIEF, MAT_BF, SEL_KNN, 1828, 5024, 133, 12.7779, 16.6894, 12.832, 1.29276, 0.722666
5, SHITOMASI, BRIEF, MAT_BF, SEL_KNN, 1806, 4672, 130, 13.0276, 15.7465, 13.2922, 1.32968, 0.721126
6, SHITOMASI, BRIEF, MAT_BF, SEL_KNN, 1877, 4608, 134, 13.0276, 12.7835, 12.6617, 1.25471, 0.652733
7, SHITOMASI, BRIEF, MAT_BF, SEL_KNN, 1894, 4576, 123, 13.8277, 11.9844, 12.7395, 1.26453, 0.605729
8, SHITOMASI, BRIEF, MAT_BF, SEL_KNN, 1889, 4704, 130, 14.8719, 13.1241, 14.3379, 1.39889, 0.92066
9, SHITOMASI, BRIEF, MAT_BF, SEL_KNN, 1917, 4416, 124, 11.3807, 13.0241, 13.1305, 1.23051, 0.597814
10, SHITOMASI, BRIEF, MAT_BF, SEL_KNN, 1874, 4192, 121, 11.3807, 11.1746, 13.0109, 1.23592, 0.555327
11, SHITOMASI, BRIEF, MAT_BF, SEL_KNN, 1912, 4416, 112, 11.2431, 12.8086, 13.1704, 1.25492, 0.556454
12, SHITOMASI, BRIEF, MAT_BF, SEL_KNN, 1930, 4480, 123, 12.7384, 8.95978, 12.8963, 3.95765, 2.38717
13, SHITOMASI, BRIEF, MAT_BF, SEL_KNN, 1881, 4416, 125, 13.0781, 9.96439, 12.5434, 1.24701, 0.603902
14, SHITOMASI, BRIEF, MAT_BF, SEL_KNN, 1886, 4064, 121, 12.482, 9.59863, 13.556, 1.28833, 0.540301
15, SHITOMASI, BRIEF, MAT_BF, SEL_KNN, 1957, 4704, 115, 13.4113, 8.52157, 13.1933, 1.26207, 0.577471
16, SHITOMASI, BRIEF, MAT_BF, SEL_KNN, 1888, 4288, 120, 14.0444, 9.51552, 13.1521, 1.22869, 0.580381
17, SHITOMASI, BRIEF, MAT_BF, SEL_KNN, 1919, 4480, 119, 12.84, 9.61241, 14.4406, 1.28693, 0.885182
1, SHITOMASI, ORB, MAT_BF, SEL_KNN, 1759, 4896, 130, 13.6954, 12.5156, 13.4229, 1.63614, 0.644763
2, SHITOMASI, ORB, MAT_BF, SEL_KNN, 1820, 5024, 125, 14.9672, 12.6142, 13.3199, 1.55073, 0.677233
3, SHITOMASI, ORB, MAT_BF, SEL_KNN, 1850, 4864, 122, 24.1768, 14.091, 13.4731, 1.50573, 0.68084
4, SHITOMASI, ORB, MAT_BF, SEL_KNN, 1828, 5024, 134, 12.1132, 16.6894, 13.2672, 1.52915, 0.714874
5, SHITOMASI, ORB, MAT_BF, SEL_KNN, 1806, 4672, 125, 13.4423, 15.7465, 13.0595, 1.54281, 0.660889
6, SHITOMASI, ORB, MAT_BF, SEL_KNN, 1877, 4608, 128, 15.901, 12.7835, 13.1649, 1.5673, 0.620311
7, SHITOMASI, ORB, MAT_BF, SEL_KNN, 1894, 4576, 121, 13.3699, 11.9844, 13.3192, 1.54481, 0.600041
8, SHITOMASI, ORB, MAT_BF, SEL_KNN, 1889, 4704, 125, 14.4581, 13.1241, 13.0601, 1.52409, 0.60553
9, SHITOMASI, ORB, MAT_BF, SEL_KNN, 1917, 4416, 115, 11.8118, 13.0241, 13.1388, 1.4986, 0.62599
10, SHITOMASI, ORB, MAT_BF, SEL_KNN, 1874, 4192, 107, 15.1525, 11.1746, 13.6492, 2.06455, 0.847546
11, SHITOMASI, ORB, MAT_BF, SEL_KNN, 1912, 4416, 108, 11.5174, 12.8086, 13.225, 1.52399, 0.583722
12, SHITOMASI, ORB, MAT_BF, SEL_KNN, 1930, 4480, 111, 12.4803, 8.95978, 13.0892, 1.51917, 0.581989
13, SHITOMASI, ORB, MAT_BF, SEL_KNN, 1881, 4416, 121, 13.0755, 9.96439, 13.0608, 1.50873, 0.570783
14, SHITOMASI, ORB, MAT_BF, SEL_KNN, 1886, 4064, 107, 13.5788, 9.59863, 13.1543, 1.50359, 0.524945
15, SHITOMASI, ORB, MAT_BF, SEL_KNN, 1957, 4704, 108, 12.5287, 8.52157, 13.1738, 1.50342, 0.569126
16, SHITOMASI, ORB, MAT_BF, SEL_KNN, 1888, 4288, 114, 12.6733, 9.51552, 13.1133, 1.49038, 0.603707
17, SHITOMASI, ORB, MAT_BF, SEL_KNN, 1919, 4480, 120, 12.5741, 9.61241, 13.1487, 1.49819, 0.563821
1, SHITOMASI, FREAK, MAT_BF, SEL_KNN, 1759, 9792, 109, 13.3518, 12.5156, 13.0999, 43.33, 0.652472
2, SHITOMASI, FREAK, MAT_BF, SEL_KNN, 1820, 10048, 105, 14.5897, 12.6142, 12.9208, 42.7895, 0.702196
3, SHITOMASI, FREAK, MAT_BF, SEL_KNN, 1850, 9728, 105, 11.4761, 14.091, 13.06, 42.8624, 0.705291
4, SHITOMASI, FREAK, MAT_BF, SEL_KNN, 1828, 10048, 107, 12.807, 16.6894, 12.9501, 42.6981, 0.693196
5, SHITOMASI, FREAK, MAT_BF, SEL_KNN, 1806, 9344, 107, 13.312, 15.7465, 13.2118, 43.0881, 0.655703
6, SHITOMASI, FREAK, MAT_BF, SEL_KNN, 1877, 9216, 108, 14.5071, 12.7835, 13.0631, 42.9613, 0.65621
7, SHITOMASI, FREAK, MAT_BF, SEL_KNN, 1894, 9152, 106, 12.5506, 11.9844, 13.269, 43.1156, 0.643003
8, SHITOMASI, FREAK, MAT_BF, SEL_KNN, 1889, 9408, 104, 14.8719, 13.1241, 13.2321, 42.6547, 0.645129
9, SHITOMASI, FREAK, MAT_BF, SEL_KNN, 1917, 8832, 101, 11.9897, 13.0241, 13.6232, 43.4492, 0.684698
10, SHITOMASI, FREAK, MAT_BF, SEL_KNN, 1874, 8384, 91, 13.7999, 11.1746, 13.5552, 43.2113, 0.583445
11, SHITOMASI, FREAK, MAT_BF, SEL_KNN, 1912, 8832, 86, 11.8645, 12.8086, 13.6917, 43.6698, 0.614133
12, SHITOMASI, FREAK, MAT_BF, SEL_KNN, 1930, 8960, 102, 11.7604, 8.95978, 13.5369, 44.5899, 0.637286
13, SHITOMASI, FREAK, MAT_BF, SEL_KNN, 1881, 8832, 100, 13.0977, 9.96439, 13.873, 43.9864, 0.650075
14, SHITOMASI, FREAK, MAT_BF, SEL_KNN, 1886, 8128, 100, 11.8371, 9.59863, 13.4152, 43.0478, 0.615867
15, SHITOMASI, FREAK, MAT_BF, SEL_KNN, 1957, 9408, 95, 11.205, 8.52157, 13.0503, 42.7409, 0.60106
16, SHITOMASI, FREAK, MAT_BF, SEL_KNN, 1888, 8576, 95, 11.9741, 9.51552, 13.4562, 43.0118, 0.589916
17, SHITOMASI, FREAK, MAT_BF, SEL_KNN, 1919, 8960, 100, 12.5741, 9.61241, 13.0188, 42.9822, 0.587196
1, SHITOMASI, SIFT, MAT_BF, SEL_KNN, 1759, 19584, 127, 16.5413, 12.5156, 12.9457, 23.2646, 1.12107
2, SHITOMASI, SIFT, MAT_BF, SEL_KNN, 1820, 20096, 130, 18.9342, 12.6142, 14.1015, 23.8182, 1.22724
3, SHITOMASI, SIFT, MAT_BF, SEL_KNN, 1850, 19456, 129, 17.5079, 14.091, 13.3931, 22.934, 1.21028
4, SHITOMASI, SIFT, MAT_BF, SEL_KNN, 1828, 20096, 133, 13.1666, 16.6894, 13.4205, 23.1949, 1.22699
5, SHITOMASI, SIFT, MAT_BF, SEL_KNN, 1806, 18688, 128, 13.119, 15.7465, 13.4811, 22.9789, 1.1467
6, SHITOMASI, SIFT, MAT_BF, SEL_KNN, 1877, 18432, 128, 15.1537, 12.7835, 13.4391, 23.3073, 1.06123
7, SHITOMASI, SIFT, MAT_BF, SEL_KNN, 1894, 18304, 121, 13.5893, 11.9844, 13.1525, 23.0451, 1.0461
8, SHITOMASI, SIFT, MAT_BF, SEL_KNN, 1889, 18816, 130, 14.2567, 13.1241, 13.4256, 22.8166, 1.06685
9, SHITOMASI, SIFT, MAT_BF, SEL_KNN, 1917, 17664, 117, 11.5656, 13.0241, 13.4668, 23.0622, 1.05005
10, SHITOMASI, SIFT, MAT_BF, SEL_KNN, 1874, 16768, 115, 19.9188, 11.1746, 13.1277, 20.4701, 0.951055
11, SHITOMASI, SIFT, MAT_BF, SEL_KNN, 1912, 17664, 111, 12.267, 12.8086, 13.0743, 23.0207, 0.898119
12, SHITOMASI, SIFT, MAT_BF, SEL_KNN, 1930, 17920, 117, 12.671, 8.95978, 16.0407, 20.6386, 0.990857
13, SHITOMASI, SIFT, MAT_BF, SEL_KNN, 1881, 17664, 124, 13.6002, 9.96439, 13.1379, 23.954, 1.00866
14, SHITOMASI, SIFT, MAT_BF, SEL_KNN, 1886, 16256, 119, 12.2506, 9.59863, 13.1715, 22.6335, 0.922678
15, SHITOMASI, SIFT, MAT_BF, SEL_KNN, 1957, 18816, 117, 16.2173, 8.52157, 13.1066, 22.4648, 0.969157
16, SHITOMASI, SIFT, MAT_BF, SEL_KNN, 1888, 17152, 117, 14.8146, 9.51552, 13.0246, 22.8439, 0.992907
17, SHITOMASI, SIFT, MAT_BF, SEL_KNN, 1919, 17920, 116, 12.8249, 9.61241, 13.1511, 22.3235, 0.964127
1, HARRIS, BRISK, MAT_BF, SEL_KNN, 209, 1472, 12, 11.3522, 12.5156, 15.572, 1.49421, 0.092458
2, HARRIS, BRISK, MAT_BF, SEL_KNN, 114, 1088, 15, 10.195, 12.6142, 13.5428, 1.35345, 0.091659
3, HARRIS, BRISK, MAT_BF, SEL_KNN, 178, 1280, 12, -18.2644, 14.091, 14.8681, 1.3754, 0.083598
4, HARRIS, BRISK, MAT_BF, SEL_KNN, 250, 1792, 15, 11.3951, 16.6894, 16.0962, 1.44142, 0.116051
5, HARRIS, BRISK, MAT_BF, SEL_KNN, 241, 1728, 19, 11.3951, 15.7465, 15.992, 1.41783, 0.109435
6, HARRIS, BRISK, MAT_BF, SEL_KNN, 259, 1856, 17, 13.5599, 12.7835, 17.122, 1.4573, 0.110238
7, HARRIS, BRISK, MAT_BF, SEL_KNN, 272, 1984, 18, 14.0535, 11.9844, 18.3276, 1.46764, 0.116857
8, HARRIS, BRISK, MAT_BF, SEL_KNN, 193, 1408, 19, 14.0535, 13.1241, 14.9224, 1.42543, 0.109629
9, HARRIS, BRISK, MAT_BF, SEL_KNN, 129, 1088, 10, nan, 13.0241, 13.6331, 1.33565, 0.089644
10, HARRIS, BRISK, MAT_BF, SEL_KNN, 248, 1856, 8, 14.0535, 11.1746, 17.3348, 1.45653, 0.089017
11, HARRIS, BRISK, MAT_BF, SEL_KNN, 147, 1216, 16, 14.0535, 12.8086, 13.7907, 1.30631, 0.098128
12, HARRIS, BRISK, MAT_BF, SEL_KNN, 168, 1408, 14, 10.674, 8.95978, 14.3039, 1.42837, 0.088413
13, HARRIS, BRISK, MAT_BF, SEL_KNN, 181, 1280, 17, 10.674, 9.96439, 14.7313, 1.35417, 0.096467
14, HARRIS, BRISK, MAT_BF, SEL_KNN, 144, 1152, 16, 5.66097, 9.59863, 13.8032, 1.34187, 0.084197
15, HARRIS, BRISK, MAT_BF, SEL_KNN, 243, 1792, 14, 5.66097, 8.52157, 16.6595, 1.47392, 0.090403
16, HARRIS, BRISK, MAT_BF, SEL_KNN, 213, 1984, 21, 10.3958, 9.51552, 15.9468, 1.48238, 0.120435
17, HARRIS, BRISK, MAT_BF, SEL_KNN, 126, 1024, 15, 12.5848, 9.61241, 13.7083, 1.36193, 0.107026
1, HARRIS, BRIEF, MAT_BF, SEL_KNN, 209, 736, 13, 12.5848, 12.5156, 15.3585, 0.877807, 0.078854
2, HARRIS, BRIEF, MAT_BF, SEL_KNN, 114, 544, 18, 10.195, 12.6142, 13.3639, 0.868469, 0.101738
3, HARRIS, BRIEF, MAT_BF, SEL_KNN, 178, 640, 13, -20.0948, 14.091, 14.0548, 0.835497, 0.087304
4, HARRIS, BRIEF, MAT_BF, SEL_KNN, 250, 896, 17, 11.3951, 16.6894, 16.7138, 1.18701, 0.098082
5, HARRIS, BRIEF, MAT_BF, SEL_KNN, 241, 864, 27, 35.3833, 15.7465, 16.1436, 0.871553, 0.110546
6, HARRIS, BRIEF, MAT_BF, SEL_KNN, 259, 928, 22, 15.2483, 12.7835, 17.0416, 1.1927, 0.112877
7, HARRIS, BRIEF, MAT_BF, SEL_KNN, 272, 992, 27, 16.7724, 11.9844, 18.7272, 1.19958, 0.12885
8, HARRIS, BRIEF, MAT_BF, SEL_KNN, 193, 704, 22, 16.7724, 13.1241, 14.8702, 0.858862, 0.123926
9, HARRIS, BRIEF, MAT_BF, SEL_KNN, 129, 544, 16, nan, 13.0241, 13.1684, 0.844116, 0.108468
10, HARRIS, BRIEF, MAT_BF, SEL_KNN, 248, 928, 16, -13.4405, 11.1746, 16.9443, 1.20207, 0.093143
11, HARRIS, BRIEF, MAT_BF, SEL_KNN, 147, 608, 19, 11.7414, 12.8086, 13.69, 0.827723, 0.117117
12, HARRIS, BRIEF, MAT_BF, SEL_KNN, 168, 704, 18, 10.674, 8.95978, 15.5457, 0.837109, 0.101786
13, HARRIS, BRIEF, MAT_BF, SEL_KNN, 181, 640, 19, 10.674, 9.96439, 13.8017, 0.881058, 0.10095
14, HARRIS, BRIEF, MAT_BF, SEL_KNN, 144, 576, 16, 5.6061, 9.59863, 13.0427, 0.80707, 0.097149
15, HARRIS, BRIEF, MAT_BF, SEL_KNN, 243, 896, 15, 5.6061, 8.52157, 16.3024, 0.901615, 0.091514
16, HARRIS, BRIEF, MAT_BF, SEL_KNN, 213, 992, 26, 7.85926, 9.51552, 15.1127, 0.858999, 0.12675
17, HARRIS, BRIEF, MAT_BF, SEL_KNN, 126, 512, 21, 11.7964, 9.61241, 13.0476, 0.823456, 0.129674
1, HARRIS, ORB, MAT_BF, SEL_KNN, 209, 736, 13, 11.7964, 12.5156, 14.7628, 1.44751, 0.073879
2, HARRIS, ORB, MAT_BF, SEL_KNN, 114, 544, 16, 10.195, 12.6142, 12.6189, 1.30279, 0.092415
3, HARRIS, ORB, MAT_BF, SEL_KNN, 178, 640, 13, 10.195, 14.091, 13.8698, 1.3517, 0.086726
4, HARRIS, ORB, MAT_BF, SEL_KNN, 250, 896, 17, 11.3951, 16.6894, 15.6977, 1.43821, 0.092085
5, HARRIS, ORB, MAT_BF, SEL_KNN, 241, 864, 25, 13.6432, 15.7465, 15.829, 1.57695, 0.103602
6, HARRIS, ORB, MAT_BF, SEL_KNN, 259, 928, 19, 13.8716, 12.7835, 16.5478, 1.91394, 0.107395
7, HARRIS, ORB, MAT_BF, SEL_KNN, 272, 992, 25, 14.4636, 11.9844, 17.694, 1.95118, 0.12572
8, HARRIS, ORB, MAT_BF, SEL_KNN, 193, 704, 23, 13.5704, 13.1241, 14.4707, 1.36762, 0.113945
9, HARRIS, ORB, MAT_BF, SEL_KNN, 129, 544, 14, 3.18421, 13.0241, 13.1681, 1.33845, 0.099498
10, HARRIS, ORB, MAT_BF, SEL_KNN, 248, 928, 13, 3.18421, 11.1746, 16.7793, 1.93256, 0.086992
11, HARRIS, ORB, MAT_BF, SEL_KNN, 147, 608, 15, 3.18421, 12.8086, 13.4353, 1.37139, 0.11109
12, HARRIS, ORB, MAT_BF, SEL_KNN, 168, 704, 17, 10.674, 8.95978, 13.875, 1.37871, 0.090718
13, HARRIS, ORB, MAT_BF, SEL_KNN, 181, 640, 17, 10.674, 9.96439, 14.0693, 1.38648, 0.100694
14, HARRIS, ORB, MAT_BF, SEL_KNN, 144, 576, 16, 5.6061, 9.59863, 13.237, 1.34239, 0.094556
15, HARRIS, ORB, MAT_BF, SEL_KNN, 243, 896, 15, 5.6061, 8.52157, 16.1033, 1.4568, 0.086319
16, HARRIS, ORB, MAT_BF, SEL_KNN, 213, 992, 23, 11.3613, 9.51552, 15.1973, 1.44152, 0.123106
17, HARRIS, ORB, MAT_BF, SEL_KNN, 126, 512, 13, 12.5848, 9.61241, 13.5503, 1.3944, 0.129199
1, HARRIS, FREAK, MAT_BF, SEL_KNN, 209, 1472, 12, 12.5848, 12.5156, 15.1684, 41.1948, 0.081522
2, HARRIS, FREAK, MAT_BF, SEL_KNN, 114, 1088, 14, 10.195, 12.6142, 12.8809, 40.8966, 0.107676
3, HARRIS, FREAK, MAT_BF, SEL_KNN, 178, 1280, 10, -80.8525, 14.091, 13.8712, 41.0037, 0.085959
4, HARRIS, FREAK, MAT_BF, SEL_KNN, 250, 1792, 14, 10.9782, 16.6894, 15.8945, 41.0401, 0.096268
5, HARRIS, FREAK, MAT_BF, SEL_KNN, 241, 1728, 21, 35.3833, 15.7465, 15.5847, 41.2633, 0.113838
6, HARRIS, FREAK, MAT_BF, SEL_KNN, 259, 1856, 18, 13.5599, 12.7835, 16.3979, 41.3493, 0.112817
7, HARRIS, FREAK, MAT_BF, SEL_KNN, 272, 1984, 21, 12.3971, 11.9844, 16.7963, 43.5963, 0.133599
8, HARRIS, FREAK, MAT_BF, SEL_KNN, 193, 1408, 19, 13.5704, 13.1241, 14.019, 40.9472, 0.158217
9, HARRIS, FREAK, MAT_BF, SEL_KNN, 129, 1088, 12, nan, 13.0241, 12.8657, 41.0173, 0.09491
10, HARRIS, FREAK, MAT_BF, SEL_KNN, 248, 1856, 10, 13.5704, 11.1746, 16.8392, 42.3087, 0.113882
11, HARRIS, FREAK, MAT_BF, SEL_KNN, 147, 1216, 18, 11.7414, 12.8086, 13.6755, 41.2582, 0.106956
12, HARRIS, FREAK, MAT_BF, SEL_KNN, 168, 1408, 15, 10.674, 8.95978, 13.7698, 40.7452, 0.09694
13, HARRIS, FREAK, MAT_BF, SEL_KNN, 181, 1280, 16, 10.674, 9.96439, 13.831, 40.85, 0.0978
14, HARRIS, FREAK, MAT_BF, SEL_KNN, 144, 1152, 12, 12.288, 9.59863, 13.1026, 40.5585, 0.091251
15, HARRIS, FREAK, MAT_BF, SEL_KNN, 243, 1792, 13, 12.288, 8.52157, 17.3642, 42.6655, 0.093737
16, HARRIS, FREAK, MAT_BF, SEL_KNN, 213, 1984, 19, 9.67446, 9.51552, 15.3155, 41.6605, 0.116586
17, HARRIS, FREAK, MAT_BF, SEL_KNN, 126, 1024, 18, 12.5848, 9.61241, 13.1258, 41.3297, 0.103164
1, HARRIS, SIFT, MAT_BF, SEL_KNN, 209, 2944, 13, 12.5848, 12.5156, 15.108, 19.3782, 0.074648
2, HARRIS, SIFT, MAT_BF, SEL_KNN, 114, 2176, 17, 10.195, 12.6142, 12.6406, 18.81, 0.087851
3, HARRIS, SIFT, MAT_BF, SEL_KNN, 178, 2560, 15, 10.195, 14.091, 14.0785, 19.0426, 0.077791
4, HARRIS, SIFT, MAT_BF, SEL_KNN, 250, 3584, 16, 11.3951, 16.6894, 16.5631, 19.677, 0.108967
5, HARRIS, SIFT, MAT_BF, SEL_KNN, 241, 3456, 27, 35.3833, 15.7465, 15.8806, 19.0888, 0.136761
6, HARRIS, SIFT, MAT_BF, SEL_KNN, 259, 3712, 24, 15.2483, 12.7835, 16.3074, 19.2204, 0.125792
7, HARRIS, SIFT, MAT_BF, SEL_KNN, 272, 3968, 24, 13.9875, 11.9844, 17.2532, 19.3385, 0.135504
8, HARRIS, SIFT, MAT_BF, SEL_KNN, 193, 2816, 23, 296.117, 13.1241, 14.4749, 19.2895, 0.125389
9, HARRIS, SIFT, MAT_BF, SEL_KNN, 129, 2176, 16, nan, 13.0241, 13.2106, 18.4654, 0.087228
10, HARRIS, SIFT, MAT_BF, SEL_KNN, 248, 3712, 16, -13.4405, 11.1746, 16.1696, 19.045, 0.091045
11, HARRIS, SIFT, MAT_BF, SEL_KNN, 147, 2432, 18, 11.7414, 12.8086, 13.1512, 18.3057, 0.115624
12, HARRIS, SIFT, MAT_BF, SEL_KNN, 168, 2816, 16, 10.674, 8.95978, 13.6622, 19.2077, 0.084731
13, HARRIS, SIFT, MAT_BF, SEL_KNN, 181, 2560, 16, 10.674, 9.96439, 14.2506, 19.0713, 0.09143
14, HARRIS, SIFT, MAT_BF, SEL_KNN, 144, 2304, 17, 5.6061, 9.59863, 13.3763, 18.9927, 0.083745
15, HARRIS, SIFT, MAT_BF, SEL_KNN, 243, 3584, 17, -14.7808, 8.52157, 18.5545, 18.4682, 0.095436
16, HARRIS, SIFT, MAT_BF, SEL_KNN, 213, 3968, 25, 11.3613, 9.51552, 14.9303, 19.6084, 0.129174
17, HARRIS, SIFT, MAT_BF, SEL_KNN, 126, 2048, 16, 12.5848, 9.61241, 12.9904, 19.2102, 0.10049
1, FAST, BRISK, MAT_BF, SEL_KNN, 1898, 11136, 113, 13.893, 12.5156, 1.2811, 2.94007, 0.787591
2, FAST, BRISK, MAT_BF, SEL_KNN, 1865, 10752, 117, 13.4879, 12.6142, 1.11537, 2.81094, 0.858335
3, FAST, BRISK, MAT_BF, SEL_KNN, 1840, 11456, 121, 17.3288, 14.091, 1.07554, 2.92161, 0.862208
4, FAST, BRISK, MAT_BF, SEL_KNN, 1867, 10304, 111, 13.5777, 16.6894, 1.27497, 2.83635, 0.821924
5, FAST, BRISK, MAT_BF, SEL_KNN, 1876, 11072, 102, 13.5777, 15.7465, 1.28458, 2.92079, 0.784958
6, FAST, BRISK, MAT_BF, SEL_KNN, 1843, 10688, 108, 13.5777, 12.7835, 1.08756, 2.78481, 0.821339
7, FAST, BRISK, MAT_BF, SEL_KNN, 1829, 10624, 108, 12.5062, 11.9844, 1.06363, 2.77069, 0.805688
8, FAST, BRISK, MAT_BF, SEL_KNN, 1843, 9792, 110, 11.6377, 13.1241, 1.09255, 2.79543, 0.755526
9, FAST, BRISK, MAT_BF, SEL_KNN, 1818, 10752, 112, 13.6424, 13.0241, 1.27283, 2.87804, 0.771914
10, FAST, BRISK, MAT_BF, SEL_KNN, 1879, 10432, 110, 13.4693, 11.1746, 1.1106, 2.81208, 0.788088
11, FAST, BRISK, MAT_BF, SEL_KNN, 1849, 11200, 93, 12.6071, 12.8086, 1.06645, 2.88858, 0.814608
12, FAST, BRISK, MAT_BF, SEL_KNN, 1826, 10880, 125, 11.7556, 8.95978, 1.12291, 2.87137, 0.8851
13, FAST, BRISK, MAT_BF, SEL_KNN, 1842, 10496, 119, 11.9837, 9.96439, 1.11795, 2.73652, 0.818142
14, FAST, BRISK, MAT_BF, SEL_KNN, 1833, 11200, 122, 12.4194, 9.59863, 1.08019, 2.86248, 0.812829
15, FAST, BRISK, MAT_BF, SEL_KNN, 1921, 10240, 114, 13.3464, 8.52157, 1.11967, 2.78485, 0.799278
16, FAST, BRISK, MAT_BF, SEL_KNN, 1934, 11776, 106, 14.9981, 9.51552, 1.10727, 2.92991, 0.835377
17, FAST, BRISK, MAT_BF, SEL_KNN, 1946, 10880, 120, 9.57506, 9.61241, 1.19231, 2.78902, 0.861434
1, FAST, BRIEF, MAT_BF, SEL_KNN, 1898, 5568, 132, 11.6597, 12.5156, 1.28371, 2.05845, 1.83393
2, FAST, BRIEF, MAT_BF, SEL_KNN, 1865, 5376, 152, 13.7847, 12.6142, 1.11581, 2.01274, 1.9957
3, FAST, BRIEF, MAT_BF, SEL_KNN, 1840, 5728, 140, 16.2125, 14.091, 1.11357, 1.9676, 1.82434
4, FAST, BRIEF, MAT_BF, SEL_KNN, 1867, 5152, 142, 24.4261, 16.6894, 1.07541, 2.00701, 1.88909
5, FAST, BRIEF, MAT_BF, SEL_KNN, 1876, 5536, 124, 24.4261, 15.7465, 1.25723, 1.75456, 1.33029
6, FAST, BRIEF, MAT_BF, SEL_KNN, 1843, 5344, 143, 17.9112, 12.7835, 1.19083, 1.86739, 1.35519
7, FAST, BRIEF, MAT_BF, SEL_KNN, 1829, 5312, 135, 13.3312, 11.9844, 1.10278, 1.98794, 1.97043
8, FAST, BRIEF, MAT_BF, SEL_KNN, 1843, 4896, 136, 12.4931, 13.1241, 1.06026, 1.91573, 0.688296
9, FAST, BRIEF, MAT_BF, SEL_KNN, 1818, 5376, 134, 20.9226, 13.0241, 1.07005, 2.05994, 1.77625
10, FAST, BRIEF, MAT_BF, SEL_KNN, 1879, 5216, 137, 16.2321, 11.1746, 1.20616, 1.96958, 1.90979
11, FAST, BRIEF, MAT_BF, SEL_KNN, 1849, 5600, 128, 14.7288, 12.8086, 1.10999, 1.38614, 0.77831
12, FAST, BRIEF, MAT_BF, SEL_KNN, 1826, 5440, 144, 12.1376, 8.95978, 1.07842, 1.99946, 1.77797
13, FAST, BRIEF, MAT_BF, SEL_KNN, 1842, 5248, 146, 12.9348, 9.96439, 1.17763, 1.97378, 1.89639
14, FAST, BRIEF, MAT_BF, SEL_KNN, 1833, 5600, 145, 13.0069, 9.59863, 1.0657, 2.1243, 0.806975
15, FAST, BRIEF, MAT_BF, SEL_KNN, 1921, 5120, 141, 12.4977, 8.52157, 1.47318, 2.42743, 1.51715
16, FAST, BRIEF, MAT_BF, SEL_KNN, 1934, 5888, 129, 13.8117, 9.51552, 1.10628, 2.04759, 1.82589
17, FAST, BRIEF, MAT_BF, SEL_KNN, 1946, 5440, 135, 11.0733, 9.61241, 1.19902, 1.90687, 1.49664
1, FAST, ORB, MAT_BF, SEL_KNN, 1898, 5568, 123, 12.5179, 12.5156, 1.48598, 2.31223, 1.00924
2, FAST, ORB, MAT_BF, SEL_KNN, 1865, 5376, 151, 13.2561, 12.6142, 1.34362, 1.84652, 0.865577
3, FAST, ORB, MAT_BF, SEL_KNN, 1840, 5728, 140, 20.7421, 14.091, 1.19494, 2.06763, 0.855973
4, FAST, ORB, MAT_BF, SEL_KNN, 1867, 5152, 141, 14.1389, 16.6894, 1.09926, 2.06643, 0.826348
5, FAST, ORB, MAT_BF, SEL_KNN, 1876, 5536, 121, 14.1389, 15.7465, 1.25319, 1.8972, 0.796386
6, FAST, ORB, MAT_BF, SEL_KNN, 1843, 5344, 145, 15.2877, 12.7835, 1.24767, 1.88987, 0.825746
7, FAST, ORB, MAT_BF, SEL_KNN, 1829, 5312, 135, 12.9542, 11.9844, 1.10291, 2.03912, 0.817688
8, FAST, ORB, MAT_BF, SEL_KNN, 1843, 4896, 129, 11.8662, 13.1241, 1.05819, 2.09717, 0.725262
9, FAST, ORB, MAT_BF, SEL_KNN, 1818, 5376, 135, 30.3988, 13.0241, 1.13131, 2.08608, 0.743487
10, FAST, ORB, MAT_BF, SEL_KNN, 1879, 5216, 126, 16.3042, 11.1746, 1.13375, 2.10868, 0.775046
11, FAST, ORB, MAT_BF, SEL_KNN, 1849, 5600, 121, 13.9247, 12.8086, 1.07045, 2.12304, 0.784328
12, FAST, ORB, MAT_BF, SEL_KNN, 1826, 5440, 137, 12.0166, 8.95978, 1.14043, 2.08468, 0.84391
13, FAST, ORB, MAT_BF, SEL_KNN, 1842, 5248, 139, 13.1502, 9.96439, 1.21333, 2.0412, 0.824793
14, FAST, ORB, MAT_BF, SEL_KNN, 1833, 5600, 140, 12.535, 9.59863, 1.12213, 2.03682, 0.803765
15, FAST, ORB, MAT_BF, SEL_KNN, 1921, 5120, 136, 12.0859, 8.52157, 1.11513, 2.12927, 0.804484
16, FAST, ORB, MAT_BF, SEL_KNN, 1934, 5888, 127, 12.3518, 9.51552, 1.13033, 2.04622, 0.840721
17, FAST, ORB, MAT_BF, SEL_KNN, 1946, 5440, 137, 11.7698, 9.61241, 1.14267, 2.09794, 0.86314
1, FAST, FREAK, MAT_BF, SEL_KNN, 1898, 11136, 110, 13.942, 12.5156, 1.21988, 42.8215, 0.785239
2, FAST, FREAK, MAT_BF, SEL_KNN, 1865, 10752, 117, 16.6283, 12.6142, 1.13695, 42.9054, 0.868717
3, FAST, FREAK, MAT_BF, SEL_KNN, 1840, 11456, 121, 16.3172, 14.091, 1.12252, 43.6387, 0.971923
4, FAST, FREAK, MAT_BF, SEL_KNN, 1867, 10304, 116, 13.0809, 16.6894, 1.20535, 42.6743, 0.823397
5, FAST, FREAK, MAT_BF, SEL_KNN, 1876, 11072, 99, 40.8313, 15.7465, 1.21755, 42.9225, 0.794851
6, FAST, FREAK, MAT_BF, SEL_KNN, 1843, 10688, 114, 13.5503, 12.7835, 1.29212, 42.4517, 0.826017
7, FAST, FREAK, MAT_BF, SEL_KNN, 1829, 10624, 108, 13.0844, 11.9844, 1.06452, 43.0953, 0.776383
8, FAST, FREAK, MAT_BF, SEL_KNN, 1843, 9792, 107, 11.4262, 13.1241, 1.0577, 42.8879, 0.759415
9, FAST, FREAK, MAT_BF, SEL_KNN, 1818, 10752, 108, 13.2738, 13.0241, 1.37394, 43.7114, 0.769492
10, FAST, FREAK, MAT_BF, SEL_KNN, 1879, 10432, 110, 13.6889, 11.1746, 1.22442, 43.7648, 0.808988
11, FAST, FREAK, MAT_BF, SEL_KNN, 1849, 11200, 101, 13.6974, 12.8086, 1.3167, 43.9433, 0.823008
12, FAST, FREAK, MAT_BF, SEL_KNN, 1826, 10880, 116, 11.8227, 8.95978, 1.13281, 43.537, 0.832936
13, FAST, FREAK, MAT_BF, SEL_KNN, 1842, 10496, 124, 12.2294, 9.96439, 1.10208, 42.5609, 0.836206
14, FAST, FREAK, MAT_BF, SEL_KNN, 1833, 11200, 118, 11.0205, 9.59863, 1.08226, 42.9232, 0.809096
15, FAST, FREAK, MAT_BF, SEL_KNN, 1921, 10240, 111, 14.7502, 8.52157, 1.10471, 42.7122, 0.783304
16, FAST, FREAK, MAT_BF, SEL_KNN, 1934, 11776, 112, 14.0038, 9.51552, 1.14992, 43.0453, 0.844818
17, FAST, FREAK, MAT_BF, SEL_KNN, 1946, 10880, 120, 9.20136, 9.61241, 1.19307, 43.045, 0.894319
1, FAST, SIFT, MAT_BF, SEL_KNN, 1898, 22272, 124, 12.3317, 12.5156, 1.27051, 33.8529, 1.37426
2, FAST, SIFT, MAT_BF, SEL_KNN, 1865, 21504, 149, 12.7122, 12.6142, 1.05988, 31.1654, 1.43951
3, FAST, SIFT, MAT_BF, SEL_KNN, 1840, 22912, 127, 24.2378, 14.091, 1.05933, 32.1456, 1.49862
4, FAST, SIFT, MAT_BF, SEL_KNN, 1867, 20608, 144, 33.1608, 16.6894, 1.07088, 34.1044, 1.41812
5, FAST, SIFT, MAT_BF, SEL_KNN, 1876, 22144, 122, 33.1608, 15.7465, 1.24286, 33.7555, 1.38715
6, FAST, SIFT, MAT_BF, SEL_KNN, 1843, 21376, 145, 33.0614, 12.7835, 1.04781, 30.9131, 1.41264
7, FAST, SIFT, MAT_BF, SEL_KNN, 1829, 21248, 131, 13.3234, 11.9844, 1.08295, 31.5809, 1.39763
8, FAST, SIFT, MAT_BF, SEL_KNN, 1843, 19584, 126, 12.4309, 13.1241, 1.06606, 32.9297, 1.26424
9, FAST, SIFT, MAT_BF, SEL_KNN, 1818, 21504, 123, 22.9995, 13.0241, 1.10914, 31.4234, 1.28074
10, FAST, SIFT, MAT_BF, SEL_KNN, 1879, 20864, 138, 18.4604, 11.1746, 1.10271, 31.1671, 1.34041
11, FAST, SIFT, MAT_BF, SEL_KNN, 1849, 22400, 112, 13.9549, 12.8086, 1.07802, 31.6207, 1.39872
12, FAST, SIFT, MAT_BF, SEL_KNN, 1826, 21760, 135, 13.5165, 8.95978, 1.05027, 31.0746, 1.55338
13, FAST, SIFT, MAT_BF, SEL_KNN, 1842, 20992, 140, 13.9608, 9.96439, 1.08097, 30.8853, 1.39395
14, FAST, SIFT, MAT_BF, SEL_KNN, 1833, 22400, 141, 13.0112, 9.59863, 1.1136, 32.0688, 1.39193
15, FAST, SIFT, MAT_BF, SEL_KNN, 1921, 20480, 144, 12.6506, 8.52157, 1.10134, 30.2827, 1.38833
16, FAST, SIFT, MAT_BF, SEL_KNN, 1934, 23552, 119, 13.3745, 9.51552, 1.10597, 32.4383, 1.44807
17, FAST, SIFT, MAT_BF, SEL_KNN, 1946, 21760, 131, 11.0941, 9.61241, 1.16763, 31.8814, 1.53399
1, BRISK, BRISK, MAT_BF, SEL_KNN, 3000, 20160, 181, 14.7453, 12.5156, 45.7016, 4.42529, 2.21775
2, BRISK, BRISK, MAT_BF, SEL_KNN, 2974, 20608, 215, 42.8914, 12.6142, 46.4222, 4.44649, 2.45236
3, BRISK, BRISK, MAT_BF, SEL_KNN, 2953, 20672, 212, 19.3159, 14.091, 46.1421, 4.76738, 2.49641
4, BRISK, BRISK, MAT_BF, SEL_KNN, 2855, 18176, 204, 27.6289, 16.6894, 45.6769, 4.57091, 2.22776
5, BRISK, BRISK, MAT_BF, SEL_KNN, 2906, 19776, 169, 48.8787, 15.7465, 44.8098, 4.27608, 2.10803
6, BRISK, BRISK, MAT_BF, SEL_KNN, 2886, 18688, 200, 27.6824, 12.7835, 45.5634, 4.38923, 2.17578
7, BRISK, BRISK, MAT_BF, SEL_KNN, 2886, 18368, 195, 24.393, 11.9844, 46.0328, 4.04226, 2.05681
8, BRISK, BRISK, MAT_BF, SEL_KNN, 2893, 18880, 184, 20.421, 13.1241, 45.9838, 4.30663, 2.1514
9, BRISK, BRISK, MAT_BF, SEL_KNN, 2930, 18944, 197, 17.6756, 13.0241, 46.5927, 4.21599, 2.1383
10, BRISK, BRISK, MAT_BF, SEL_KNN, 3022, 19456, 190, 19.6746, 11.1746, 48.1955, 4.30518, 2.3587
11, BRISK, BRISK, MAT_BF, SEL_KNN, 3013, 20736, 189, 15.7699, 12.8086, 47.1517, 4.50842, 2.39815
12, BRISK, BRISK, MAT_BF, SEL_KNN, 2949, 19136, 209, 13.4053, 8.95978, 46.0527, 4.21251, 2.35572
13, BRISK, BRISK, MAT_BF, SEL_KNN, 3012, 18944, 205, 15.4303, 9.96439, 48.256, 4.17353, 2.19137
14, BRISK, BRISK, MAT_BF, SEL_KNN, 3026, 19456, 202, 18.5121, 9.59863, 47.647, 4.28643, 2.19498
15, BRISK, BRISK, MAT_BF, SEL_KNN, 3074, 18432, 215, 15.4186, 8.52157, 48.6449, 4.1118, 2.13616
16, BRISK, BRISK, MAT_BF, SEL_KNN, 3131, 20864, 170, 16.4789, 9.51552, 50.0901, 4.45768, 2.2474
17, BRISK, BRISK, MAT_BF, SEL_KNN, 3135, 20992, 191, 11.316, 9.61241, 49.5857, 4.50211, 2.53182
1, BRISK, BRIEF, MAT_BF, SEL_KNN, 3000, 10080, 194, 15.5606, 12.5156, 47.6832, 1.89615, 2.15009
2, BRISK, BRIEF, MAT_BF, SEL_KNN, 2974, 10304, 216, 25.4088, 12.6142, 45.139, 1.89442, 2.26995
3, BRISK, BRIEF, MAT_BF, SEL_KNN, 2953, 10336, 228, 22.2217, 14.091, 45.2434, 1.90962, 2.3745
4, BRISK, BRIEF, MAT_BF, SEL_KNN, 2855, 9088, 207, 27.8255, 16.6894, 45.2201, 1.72364, 2.11946
5, BRISK, BRIEF, MAT_BF, SEL_KNN, 2906, 9888, 190, 26.559, 15.7465, 45.9926, 1.84766, 2.00075
6, BRISK, BRIEF, MAT_BF, SEL_KNN, 2886, 9344, 211, 28.4865, 12.7835, 51.1867, 2.248, 2.14849
7, BRISK, BRIEF, MAT_BF, SEL_KNN, 2886, 9184, 212, 24.1228, 11.9844, 50.1815, 2.15093, 2.03802
8, BRISK, BRIEF, MAT_BF, SEL_KNN, 2893, 9440, 194, 25.2404, 13.1241, 59.0214, 2.47068, 2.13409
9, BRISK, BRIEF, MAT_BF, SEL_KNN, 2930, 9472, 209, 17.6066, 13.0241, 59.6077, 2.50807, 2.34412
10, BRISK, BRIEF, MAT_BF, SEL_KNN, 3022, 9728, 204, 18.7577, 11.1746, 57.7953, 1.98559, 2.0848
11, BRISK, BRIEF, MAT_BF, SEL_KNN, 3013, 10368, 180, 21.6156, 12.8086, 54.0695, 2.21384, 2.44594
12, BRISK, BRIEF, MAT_BF, SEL_KNN, 2949, 9568, 214, 16.0057, 8.95978, 54.0313, 2.21033, 2.26425
13, BRISK, BRIEF, MAT_BF, SEL_KNN, 3012, 9472, 211, 15.5537, 9.96439, 50.8473, 1.97417, 2.13204
14, BRISK, BRIEF, MAT_BF, SEL_KNN, 3026, 9728, 213, 13.8492, 9.59863, 47.9335, 1.81953, 2.10871
15, BRISK, BRIEF, MAT_BF, SEL_KNN, 3074, 9216, 207, 17.0606, 8.52157, 50.0296, 3.04164, 2.12716
16, BRISK, BRIEF, MAT_BF, SEL_KNN, 3131, 10432, 182, 15.3986, 9.51552, 49.0795, 2.18475, 2.16037
17, BRISK, BRIEF, MAT_BF, SEL_KNN, 3135, 10496, 214, 14.4042, 9.61241, 50.2471, 1.93543, 2.45423
1, BRISK, ORB, MAT_BF, SEL_KNN, 3000, 10080, 188, 15.0234, 12.5156, 47.5551, 5.8957, 2.17034
2, BRISK, ORB, MAT_BF, SEL_KNN, 2974, 10304, 211, 21.1338, 12.6142, 46.3781, 5.91957, 2.37848
3, BRISK, ORB, MAT_BF, SEL_KNN, 2953, 10336, 205, 20.6838, 14.091, 45.1188, 5.76572, 2.41208
4, BRISK, ORB, MAT_BF, SEL_KNN, 2855, 9088, 198, 17.5363, 16.6894, 43.9042, 5.65281, 2.29566
5, BRISK, ORB, MAT_BF, SEL_KNN, 2906, 9888, 172, 42.8805, 15.7465, 45.2637, 5.84642, 2.09397
6, BRISK, ORB, MAT_BF, SEL_KNN, 2886, 9344, 181, 25.3846, 12.7835, 46.1822, 5.88872, 2.12702
7, BRISK, ORB, MAT_BF, SEL_KNN, 2886, 9184, 184, 23.7971, 11.9844, 45.5274, 5.71408, 1.99835
8, BRISK, ORB, MAT_BF, SEL_KNN, 2893, 9440, 178, 20.6646, 13.1241, 46.2564, 5.77928, 2.02036
9, BRISK, ORB, MAT_BF, SEL_KNN, 2930, 9472, 185, 17.6724, 13.0241, 47.3233, 5.71713, 2.0778
10, BRISK, ORB, MAT_BF, SEL_KNN, 3022, 9728, 192, 17.9866, 11.1746, 48.7224, 5.79629, 2.16563
11, BRISK, ORB, MAT_BF, SEL_KNN, 3013, 10368, 186, 15.845, 12.8086, 47.2426, 5.83329, 4.0828
12, BRISK, ORB, MAT_BF, SEL_KNN, 2949, 9568, 193, 14.5473, 8.95978, 46.834, 5.75711, 2.23345
13, BRISK, ORB, MAT_BF, SEL_KNN, 3012, 9472, 187, 12.7446, 9.96439, 47.5136, 5.71513, 2.12237
14, BRISK, ORB, MAT_BF, SEL_KNN, 3026, 9728, 198, 14.2961, 9.59863, 47.0081, 5.86543, 2.0681
15, BRISK, ORB, MAT_BF, SEL_KNN, 3074, 9216, 200, 18.6267, 8.52157, 49.536, 5.75606, 2.15951
16, BRISK, ORB, MAT_BF, SEL_KNN, 3131, 10432, 160, 15.8785, 9.51552, 50.4356, 5.8364, 2.15251
17, BRISK, ORB, MAT_BF, SEL_KNN, 3135, 10496, 196, 13.145, 9.61241, 50.3979, 5.81478, 4.33414
1, BRISK, FREAK, MAT_BF, SEL_KNN, 3000, 18752, 166, 14.5154, 12.5156, 46.7141, 47.163, 1.92918
2, BRISK, FREAK, MAT_BF, SEL_KNN, 2974, 18816, 206, 28.7684, 12.6142, 45.6309, 46.4923, 2.09321
3, BRISK, FREAK, MAT_BF, SEL_KNN, 2953, 18752, 196, 20.6838, 14.091, 45.757, 46.3703, 2.10719
4, BRISK, FREAK, MAT_BF, SEL_KNN, 2855, 16896, 190, 20.0207, 16.6894, 45.5946, 47.5477, 1.93099
5, BRISK, FREAK, MAT_BF, SEL_KNN, 2906, 18176, 158, 36.8012, 15.7465, 45.1091, 46.8191, 1.82075
6, BRISK, FREAK, MAT_BF, SEL_KNN, 2886, 17344, 193, 17.7318, 12.7835, 47.718, 46.7413, 1.9607
7, BRISK, FREAK, MAT_BF, SEL_KNN, 2886, 17088, 190, 17.7722, 11.9844, 46.7173, 46.2402, 1.79672
8, BRISK, FREAK, MAT_BF, SEL_KNN, 2893, 17536, 180, 21.2604, 13.1241, 46.2137, 47.041, 1.82132
9, BRISK, FREAK, MAT_BF, SEL_KNN, 2930, 17216, 187, 17.0997, 13.0241, 47.7673, 46.3955, 1.86111
10, BRISK, FREAK, MAT_BF, SEL_KNN, 3022, 17600, 201, 14.1613, 11.1746, 47.6164, 45.8386, 1.83349
11, BRISK, FREAK, MAT_BF, SEL_KNN, 3013, 18944, 179, 15.7321, 12.8086, 47.8682, 47.409, 1.9769
12, BRISK, FREAK, MAT_BF, SEL_KNN, 2949, 17536, 197, 12.3942, 8.95978, 48.6101, 46.7288, 2.00116
13, BRISK, FREAK, MAT_BF, SEL_KNN, 3012, 17536, 183, 15.6259, 9.96439, 47.8408, 46.8621, 1.86548
14, BRISK, FREAK, MAT_BF, SEL_KNN, 3026, 18240, 184, 16.7637, 9.59863, 48.6245, 47.4969, 1.92931
15, BRISK, FREAK, MAT_BF, SEL_KNN, 3074, 16576, 205, 14.3926, 8.52157, 48.1463, 47.0922, 1.82238
16, BRISK, FREAK, MAT_BF, SEL_KNN, 3131, 19520, 172, 13.8454, 9.51552, 49.0016, 46.943, 1.95356
17, BRISK, FREAK, MAT_BF, SEL_KNN, 3135, 19328, 188, 9.90115, 9.61241, 50.408, 47.3835, 2.23642
1, BRISK, SIFT, MAT_BF, SEL_KNN, 3000, 40320, 182, 14.1922, 12.5156, 47.6412, 76.7505, 3.93333
2, BRISK, SIFT, MAT_BF, SEL_KNN, 2974, 41216, 204, 18.0365, 12.6142, 46.7063, 75.0947, 4.31972
3, BRISK, SIFT, MAT_BF, SEL_KNN, 2953, 41344, 206, 19.5947, 14.091, 44.9573, 74.8032, 4.49263
4, BRISK, SIFT, MAT_BF, SEL_KNN, 2855, 36352, 197, 14.3684, 16.6894, 44.2933, 70.1378, 3.95085
5, BRISK, SIFT, MAT_BF, SEL_KNN, 2906, 39552, 172, 37.6356, 15.7465, 45.6178, 76.1225, 3.82947
6, BRISK, SIFT, MAT_BF, SEL_KNN, 2886, 37376, 204, 16.6703, 12.7835, 46.2966, 73.4123, 3.93197
7, BRISK, SIFT, MAT_BF, SEL_KNN, 2886, 36736, 197, 17.397, 11.9844, 45.4652, 69.8421, 3.64797
8, BRISK, SIFT, MAT_BF, SEL_KNN, 2893, 37760, 192, 19.5912, 13.1241, 47.972, 71.5755, 4.12793
9, BRISK, SIFT, MAT_BF, SEL_KNN, 2930, 37888, 209, 17.9662, 13.0241, 46.4633, 71.302, 3.73551
10, BRISK, SIFT, MAT_BF, SEL_KNN, 3022, 38912, 212, 17.8957, 11.1746, 48.1017, 69.8085, 3.86477
11, BRISK, SIFT, MAT_BF, SEL_KNN, 3013, 41472, 187, 14.7066, 12.8086, 48.3073, 73.823, 4.25197
12, BRISK, SIFT, MAT_BF, SEL_KNN, 2949, 38272, 224, 13.5426, 8.95978, 46.8262, 72.0256, 4.18868
13, BRISK, SIFT, MAT_BF, SEL_KNN, 3012, 37888, 214, 12.9704, 9.96439, 50.043, 71.8687, 3.83917
14, BRISK, SIFT, MAT_BF, SEL_KNN, 3026, 38912, 205, 13.4022, 9.59863, 47.2156, 71.3918, 3.96603
15, BRISK, SIFT, MAT_BF, SEL_KNN, 3074, 36864, 212, 13.1038, 8.52157, 48.0944, 67.5659, 3.77856
16, BRISK, SIFT, MAT_BF, SEL_KNN, 3131, 41728, 169, 11.3491, 9.51552, 50.2572, 79.0368, 4.08328
17, BRISK, SIFT, MAT_BF, SEL_KNN, 3135, 41984, 190, 10.6399, 9.61241, 51.0436, 74.0735, 4.57584
1, ORB, BRISK, MAT_BF, SEL_KNN, 500, 5888, 71, 13.4953, 12.5156, 8.84874, 2.12259, 0.303566
2, ORB, BRISK, MAT_BF, SEL_KNN, 500, 6848, 72, 235.386, 12.6142, 8.92412, 2.29667, 0.364136
3, ORB, BRISK, MAT_BF, SEL_KNN, 500, 6912, 80, 34.1457, 14.091, 10.5889, 2.66246, 0.407198
4, ORB, BRISK, MAT_BF, SEL_KNN, 500, 6016, 81, 53.5842, 16.6894, 11.1061, 2.18341, 0.379845
5, ORB, BRISK, MAT_BF, SEL_KNN, 500, 6784, 81, 53.5842, 15.7465, 9.14773, 2.29173, 0.411013
6, ORB, BRISK, MAT_BF, SEL_KNN, 500, 7040, 81, 53.5842, 12.7835, 9.05362, 2.40811, 0.41508
7, ORB, BRISK, MAT_BF, SEL_KNN, 500, 6848, 81, 53.5842, 11.9844, 9.20505, 2.27986, 0.408738
8, ORB, BRISK, MAT_BF, SEL_KNN, 500, 6784, 74, 91.4191, 13.1241, 9.05247, 2.35111, 0.40754
9, ORB, BRISK, MAT_BF, SEL_KNN, 500, 6528, 75, 91.4191, 13.0241, 9.32156, 2.35281, 0.457468
10, ORB, BRISK, MAT_BF, SEL_KNN, 500, 6016, 72, 91.4191, 11.1746, 9.66834, 2.2817, 0.400693
11, ORB, BRISK, MAT_BF, SEL_KNN, 500, 5568, 65, 9.14123, 12.8086, 9.16935, 2.12289, 0.354247
12, ORB, BRISK, MAT_BF, SEL_KNN, 500, 5376, 72, 9.14123, 8.95978, 9.56404, 2.23724, 0.320963
13, ORB, BRISK, MAT_BF, SEL_KNN, 500, 5696, 69, 13.037, 9.96439, 9.32043, 2.10753, 0.330348
14, ORB, BRISK, MAT_BF, SEL_KNN, 500, 5760, 76, 18.5566, 9.59863, 9.80397, 2.19386, 0.38954
15, ORB, BRISK, MAT_BF, SEL_KNN, 500, 5312, 76, 18.5566, 8.52157, 9.31482, 2.06316, 0.349317
16, ORB, BRISK, MAT_BF, SEL_KNN, 500, 5760, 64, 18.5566, 9.51552, 12.1166, 2.14598, 0.324155
17, ORB, BRISK, MAT_BF, SEL_KNN, 500, 5824, 70, 32.8393, 9.61241, 9.30763, 2.12797, 0.383871
1, ORB, BRIEF, MAT_BF, SEL_KNN, 500, 3104, 46, 37.7417, 12.5156, 8.63396, 1.28143, 0.322218
2, ORB, BRIEF, MAT_BF, SEL_KNN, 500, 3584, 52, 37.7417, 12.6142, 9.08158, 1.24408, 0.36334
3, ORB, BRIEF, MAT_BF, SEL_KNN, 500, 3616, 59, 37.7417, 14.091, 9.31899, 1.1851, 0.413404
4, ORB, BRIEF, MAT_BF, SEL_KNN, 500, 3200, 63, 13.7319, 16.6894, 8.92912, 1.16634, 0.397969
5, ORB, BRIEF, MAT_BF, SEL_KNN, 500, 3616, 52, 857.975, 15.7465, 10.5133, 1.17425, 0.389863
6, ORB, BRIEF, MAT_BF, SEL_KNN, 500, 3744, 53, 13.4145, 12.7835, 9.10018, 1.21092, 0.42087
7, ORB, BRIEF, MAT_BF, SEL_KNN, 500, 3648, 59, 13.4145, 11.9844, 9.03107, 1.19947, 0.4255
8, ORB, BRIEF, MAT_BF, SEL_KNN, 500, 3648, 59, 13.4145, 13.1241, 9.1655, 1.18828, 0.42145
9, ORB, BRIEF, MAT_BF, SEL_KNN, 500, 3520, 55, 13.4145, 13.0241, 10.4449, 1.1489, 0.422565
10, ORB, BRIEF, MAT_BF, SEL_KNN, 500, 3168, 51, 103.222, 11.1746, 9.32714, 1.15083, 0.370355
11, ORB, BRIEF, MAT_BF, SEL_KNN, 500, 3104, 43, 17.0883, 12.8086, 9.14897, 1.09587, 0.373414
12, ORB, BRIEF, MAT_BF, SEL_KNN, 500, 2880, 50, 24.4668, 8.95978, 9.31584, 1.08835, 0.323527
13, ORB, BRIEF, MAT_BF, SEL_KNN, 500, 3040, 48, 22.3145, 9.96439, 9.20336, 1.13923, 0.313506
14, ORB, BRIEF, MAT_BF, SEL_KNN, 500, 3072, 51, 18.7905, 9.59863, 9.33232, 1.11901, 0.342242
15, ORB, BRIEF, MAT_BF, SEL_KNN, 500, 2784, 66, 18.7905, 8.52157, 9.20899, 1.10422, 0.315759
16, ORB, BRIEF, MAT_BF, SEL_KNN, 500, 3040, 37, 13.9345, 9.51552, 9.32436, 1.13159, 0.31412
17, ORB, BRIEF, MAT_BF, SEL_KNN, 500, 2976, 40, 14.3683, 9.61241, 9.36595, 1.10841, 0.330489
1, ORB, ORB, MAT_BF, SEL_KNN, 500, 3104, 67, 38.6619, 12.5156, 8.5519, 5.98521, 0.471588
2, ORB, ORB, MAT_BF, SEL_KNN, 500, 3584, 64, 38.6619, 12.6142, 8.62122, 6.15151, 0.562108
3, ORB, ORB, MAT_BF, SEL_KNN, 500, 3616, 81, 66.759, 14.091, 8.84723, 6.22805, 0.635066
4, ORB, ORB, MAT_BF, SEL_KNN, 500, 3200, 81, 35.326, 16.6894, 8.48445, 6.4771, 0.59856
5, ORB, ORB, MAT_BF, SEL_KNN, 500, 3616, 71, 35.326, 15.7465, 8.95467, 5.76627, 0.403451
6, ORB, ORB, MAT_BF, SEL_KNN, 500, 3744, 80, 35.326, 12.7835, 9.35887, 5.77578, 0.439557
7, ORB, ORB, MAT_BF, SEL_KNN, 500, 3648, 80, 35.326, 11.9844, 9.40406, 5.84248, 0.439018
8, ORB, ORB, MAT_BF, SEL_KNN, 500, 3648, 82, 35.326, 13.1241, 9.08391, 5.82164, 0.441746
9, ORB, ORB, MAT_BF, SEL_KNN, 500, 3520, 81, 35.326, 13.0241, 9.19066, 5.79907, 0.471553
10, ORB, ORB, MAT_BF, SEL_KNN, 500, 3168, 67, 35.326, 11.1746, 9.42786, 6.11911, 0.564616
11, ORB, ORB, MAT_BF, SEL_KNN, 500, 3104, 70, 11.5507, 12.8086, 9.89613, 5.68166, 0.356785
12, ORB, ORB, MAT_BF, SEL_KNN, 500, 2880, 71, 11.5507, 8.95978, 9.31119, 5.78917, 0.321073
13, ORB, ORB, MAT_BF, SEL_KNN, 500, 3040, 72, 11.5507, 9.96439, 10.7918, 7.31623, 0.338532
14, ORB, ORB, MAT_BF, SEL_KNN, 500, 3072, 77, 11.5507, 9.59863, 9.4856, 6.22632, 0.499488
15, ORB, ORB, MAT_BF, SEL_KNN, 500, 2784, 76, 11.5507, 8.52157, 9.33542, 5.78017, 0.342979
16, ORB, ORB, MAT_BF, SEL_KNN, 500, 3040, 56, 11.5507, 9.51552, 9.22079, 5.73783, 0.32198
17, ORB, ORB, MAT_BF, SEL_KNN, 500, 2976, 67, 31.1961, 9.61241, 9.27367, 5.62019, 0.325098
1, ORB, FREAK, MAT_BF, SEL_KNN, 500, 3584, 33, 31.1961, 12.5156, 9.55319, 45.6132, 0.180063
2, ORB, FREAK, MAT_BF, SEL_KNN, 500, 4160, 47, 103.248, 12.6142, 9.02556, 40.9986, 0.213608
3, ORB, FREAK, MAT_BF, SEL_KNN, 500, 4160, 49, 10.5161, 14.091, 8.96071, 41.0288, 0.245917
4, ORB, FREAK, MAT_BF, SEL_KNN, 500, 3328, 51, 21.7788, 16.6894, 9.04909, 40.4354, 0.211319
5, ORB, FREAK, MAT_BF, SEL_KNN, 500, 4160, 37, -22.2631, 15.7465, 10.4634, 41.8546, 0.210676
6, ORB, FREAK, MAT_BF, SEL_KNN, 500, 4032, 51, 67.4939, 12.7835, 9.13894, 40.9347, 0.232028
7, ORB, FREAK, MAT_BF, SEL_KNN, 500, 4032, 48, 67.4939, 11.9844, 9.13142, 40.5055, 0.219867
8, ORB, FREAK, MAT_BF, SEL_KNN, 500, 3840, 42, 11.8776, 13.1241, 9.27787, 40.5445, 0.2469
9, ORB, FREAK, MAT_BF, SEL_KNN, 500, 4160, 50, 11.8776, 13.0241, 9.34535, 40.8211, 0.223534
10, ORB, FREAK, MAT_BF, SEL_KNN, 500, 3520, 40, 11.8776, 11.1746, 9.15445, 40.4143, 0.227807
11, ORB, FREAK, MAT_BF, SEL_KNN, 500, 3456, 41, 8.32016, 12.8086, 9.18206, 40.398, 0.189984
12, ORB, FREAK, MAT_BF, SEL_KNN, 500, 3200, 44, 108.62, 8.95978, 10.845, 40.7735, 0.199766
13, ORB, FREAK, MAT_BF, SEL_KNN, 500, 3456, 43, 8.90153, 9.96439, 9.21245, 40.9726, 0.216618
14, ORB, FREAK, MAT_BF, SEL_KNN, 500, 3520, 46, 566.674, 9.59863, 9.27273, 40.7299, 0.196181
15, ORB, FREAK, MAT_BF, SEL_KNN, 500, 3328, 47, 566.674, 8.52157, 9.25788, 41.3722, 0.190642
16, ORB, FREAK, MAT_BF, SEL_KNN, 500, 3584, 45, 19.8553, 9.51552, 9.18393, 44.8659, 0.201359
17, ORB, FREAK, MAT_BF, SEL_KNN, 500, 3584, 43, 19.8553, 9.61241, 9.92071, 47.4586, 0.20477
1, ORB, SIFT, MAT_BF, SEL_KNN, 500, 12416, 73, 13.3044, 12.5156, 8.54906, 81.4854, 0.517165
2, ORB, SIFT, MAT_BF, SEL_KNN, 500, 14336, 71, 15.0355, 12.6142, 11.8422, 71.3871, 0.630239
3, ORB, SIFT, MAT_BF, SEL_KNN, 500, 14464, 82, 12.7093, 14.091, 9.02153, 78.5443, 0.706335
4, ORB, SIFT, MAT_BF, SEL_KNN, 500, 12800, 84, 125.973, 16.6894, 8.97086, 61.3487, 0.643107
5, ORB, SIFT, MAT_BF, SEL_KNN, 500, 14464, 74, 371.622, 15.7465, 8.68452, 74.0521, 0.631495
6, ORB, SIFT, MAT_BF, SEL_KNN, 500, 14976, 83, 13.3056, 12.7835, 9.05645, 73.5728, 0.735151
7, ORB, SIFT, MAT_BF, SEL_KNN, 500, 14592, 89, 13.3056, 11.9844, 9.12287, 71.402, 0.756544
8, ORB, SIFT, MAT_BF, SEL_KNN, 500, 14592, 88, 10.8992, 13.1241, 9.26881, 69.492, 0.705028
9, ORB, SIFT, MAT_BF, SEL_KNN, 500, 14080, 81, 10.8992, 13.0241, 9.09254, 73.9929, 0.673485
10, ORB, SIFT, MAT_BF, SEL_KNN, 500, 12672, 71, 10.8992, 11.1746, 9.06409, 59.4746, 0.632726
11, ORB, SIFT, MAT_BF, SEL_KNN, 500, 12416, 67, 9.25094, 12.8086, 9.28486, 65.0256, 0.564435
12, ORB, SIFT, MAT_BF, SEL_KNN, 500, 11520, 75, 9.25094, 8.95978, 9.305, 63.981, 0.490271
13, ORB, SIFT, MAT_BF, SEL_KNN, 500, 12160, 73, 9.58991, 9.96439, 9.06859, 64.4834, 0.528754
14, ORB, SIFT, MAT_BF, SEL_KNN, 500, 12288, 78, 54.1778, 9.59863, 9.62753, 64.0426, 0.544378
15, ORB, SIFT, MAT_BF, SEL_KNN, 500, 11136, 72, 54.1778, 8.52157, 9.42874, 63.8216, 0.5345
16, ORB, SIFT, MAT_BF, SEL_KNN, 500, 12160, 66, 14.2196, 9.51552, 8.86369, 65.791, 0.496925
17, ORB, SIFT, MAT_BF, SEL_KNN, 500, 11904, 70, 19.4519, 9.61241, 9.53561, 67.6356, 0.518026
1, AKAZE, BRISK, MAT_BF, SEL_KNN, 1541, 11456, 143, 14.7014, 12.5156, 86.9576, 2.92544, 0.941803
2, AKAZE, BRISK, MAT_BF, SEL_KNN, 1529, 11968, 141, 19.5788, 12.6142, 86.5672, 3.03196, 0.967395
3, AKAZE, BRISK, MAT_BF, SEL_KNN, 1561, 12224, 141, 14.1345, 14.091, 79.043, 3.04881, 0.966391
4, AKAZE, BRISK, MAT_BF, SEL_KNN, 1545, 11648, 154, 15.7096, 16.6894, 79.9845, 3.02279, 0.952686
5, AKAZE, BRISK, MAT_BF, SEL_KNN, 1526, 11840, 141, 17.6469, 15.7465, 80.6422, 3.02178, 0.921409
6, AKAZE, BRISK, MAT_BF, SEL_KNN, 1566, 12096, 147, 20.1502, 12.7835, 79.4718, 3.00475, 0.998489
7, AKAZE, BRISK, MAT_BF, SEL_KNN, 1529, 12480, 150, 18.4808, 11.9844, 90.1109, 3.09714, 0.975647
8, AKAZE, BRISK, MAT_BF, SEL_KNN, 1547, 12736, 163, 17.6949, 13.1241, 86.4444, 3.34313, 1.04096
9, AKAZE, BRISK, MAT_BF, SEL_KNN, 1572, 12928, 166, 18.4054, 13.0241, 87.19, 3.23354, 1.08232
10, AKAZE, BRISK, MAT_BF, SEL_KNN, 1567, 12544, 162, 13.2452, 11.1746, 79.1302, 3.12661, 1.06622
11, AKAZE, BRISK, MAT_BF, SEL_KNN, 1538, 11840, 143, 14.487, 12.8086, 82.3636, 3.20044, 1.00591
12, AKAZE, BRISK, MAT_BF, SEL_KNN, 1513, 12032, 145, 12.6528, 8.95978, 86.8512, 3.03586, 0.930328
13, AKAZE, BRISK, MAT_BF, SEL_KNN, 1538, 12416, 150, 13.1185, 9.96439, 85.4983, 3.04226, 0.977004
14, AKAZE, BRISK, MAT_BF, SEL_KNN, 1555, 12288, 154, 13.1097, 9.59863, 84.1581, 3.09756, 1.05427
15, AKAZE, BRISK, MAT_BF, SEL_KNN, 1544, 12480, 151, 13.4602, 8.52157, 83.0924, 3.0969, 1.03828
16, AKAZE, BRISK, MAT_BF, SEL_KNN, 1563, 12544, 145, 12.6922, 9.51552, 80.1603, 3.32554, 1.02622
17, AKAZE, BRISK, MAT_BF, SEL_KNN, 1561, 12608, 149, 10.4925, 9.61241, 81.1282, 3.48903, 1.29853
1, AKAZE, BRIEF, MAT_BF, SEL_KNN, 1541, 5728, 140, 15.0405, 12.5156, 87.2741, 1.64297, 0.824888
2, AKAZE, BRIEF, MAT_BF, SEL_KNN, 1529, 5984, 158, 19.7971, 12.6142, 91.1275, 1.42765, 0.913296
3, AKAZE, BRIEF, MAT_BF, SEL_KNN, 1561, 6112, 150, 14.8952, 14.091, 81.0015, 1.44651, 0.991154
4, AKAZE, BRIEF, MAT_BF, SEL_KNN, 1545, 5824, 156, 15.9757, 16.6894, 82.2146, 1.39614, 0.963345
5, AKAZE, BRIEF, MAT_BF, SEL_KNN, 1526, 5920, 152, 17.9069, 15.7465, 82.8439, 1.43658, 0.878521
6, AKAZE, BRIEF, MAT_BF, SEL_KNN, 1566, 6048, 152, 17.1895, 12.7835, 83.4711, 1.42644, 0.906223
7, AKAZE, BRIEF, MAT_BF, SEL_KNN, 1529, 6240, 157, 20.2402, 11.9844, 79.2567, 1.46843, 0.981907
8, AKAZE, BRIEF, MAT_BF, SEL_KNN, 1547, 6368, 164, 17.5389, 13.1241, 81.0479, 1.4635, 1.00086
9, AKAZE, BRIEF, MAT_BF, SEL_KNN, 1572, 6464, 168, 16.6487, 13.0241, 87.2111, 1.50265, 1.09339
10, AKAZE, BRIEF, MAT_BF, SEL_KNN, 1567, 6272, 166, 14.3372, 11.1746, 88.3599, 1.49473, 1.0661
11, AKAZE, BRIEF, MAT_BF, SEL_KNN, 1538, 5920, 163, 15.6261, 12.8086, 89.8737, 1.42826, 1.01594
12, AKAZE, BRIEF, MAT_BF, SEL_KNN, 1513, 6016, 163, 14.3123, 8.95978, 96.1139, 1.46984, 0.905288
13, AKAZE, BRIEF, MAT_BF, SEL_KNN, 1538, 6208, 163, 13.1235, 9.96439, 82.5084, 1.44404, 0.974369
14, AKAZE, BRIEF, MAT_BF, SEL_KNN, 1555, 6144, 165, 12.2239, 9.59863, 84.379, 1.47371, 1.02037
15, AKAZE, BRIEF, MAT_BF, SEL_KNN, 1544, 6240, 170, 13.7896, 8.52157, 86.8447, 1.46823, 1.39658
16, AKAZE, BRIEF, MAT_BF, SEL_KNN, 1563, 6272, 155, 12.8218, 9.51552, 90.9258, 1.42732, 1.05627
17, AKAZE, BRIEF, MAT_BF, SEL_KNN, 1561, 6304, 156, 10.1288, 9.61241, 87.2395, 1.45681, 1.00009
1, AKAZE, ORB, MAT_BF, SEL_KNN, 1541, 5728, 130, 15.5844, 12.5156, 87.9456, 3.79603, 0.883944
2, AKAZE, ORB, MAT_BF, SEL_KNN, 1529, 5984, 143, 18.0855, 12.6142, 86.4665, 3.88575, 0.906749
3, AKAZE, ORB, MAT_BF, SEL_KNN, 1561, 6112, 145, 13.7912, 14.091, 85.7138, 3.82633, 0.963009
4, AKAZE, ORB, MAT_BF, SEL_KNN, 1545, 5824, 141, 15.4971, 16.6894, 86.0834, 3.86895, 0.946746
5, AKAZE, ORB, MAT_BF, SEL_KNN, 1526, 5920, 140, 17.8686, 15.7465, 85.6775, 3.8423, 0.964483
6, AKAZE, ORB, MAT_BF, SEL_KNN, 1566, 6048, 142, 18.4671, 12.7835, 87.1968, 3.92179, 0.934758
7, AKAZE, ORB, MAT_BF, SEL_KNN, 1529, 6240, 164, 18.5614, 11.9844, 87.4011, 3.93422, 1.00106
8, AKAZE, ORB, MAT_BF, SEL_KNN, 1547, 6368, 158, 15.8204, 13.1241, 88.0069, 4.01471, 1.0731
9, AKAZE, ORB, MAT_BF, SEL_KNN, 1572, 6464, 162, 17.1422, 13.0241, 87.4223, 3.96092, 1.06566
10, AKAZE, ORB, MAT_BF, SEL_KNN, 1567, 6272, 160, 14.4745, 11.1746, 86.9295, 3.91964, 1.08184
11, AKAZE, ORB, MAT_BF, SEL_KNN, 1538, 5920, 145, 13.7659, 12.8086, 81.9686, 3.895, 0.990389
12, AKAZE, ORB, MAT_BF, SEL_KNN, 1513, 6016, 147, 16.1144, 8.95978, 81.5563, 3.81931, 0.920968
13, AKAZE, ORB, MAT_BF, SEL_KNN, 1538, 6208, 148, 13.7412, 9.96439, 83.7297, 3.82823, 0.984263
14, AKAZE, ORB, MAT_BF, SEL_KNN, 1555, 6144, 155, 12.2503, 9.59863, 82.8292, 3.99541, 1.03784
15, AKAZE, ORB, MAT_BF, SEL_KNN, 1544, 6240, 154, 12.968, 8.52157, 84.1816, 3.86186, 1.00122
16, AKAZE, ORB, MAT_BF, SEL_KNN, 1563, 6272, 138, 13.3474, 9.51552, 86.5783, 3.87611, 1.00936
17, AKAZE, ORB, MAT_BF, SEL_KNN, 1561, 6304, 145, 10.137, 9.61241, 83.5916, 3.92421, 1.02439
1, AKAZE, FREAK, MAT_BF, SEL_KNN, 1541, 11456, 135, 15.3922, 12.5156, 86.2163, 41.5252, 0.879255
2, AKAZE, FREAK, MAT_BF, SEL_KNN, 1529, 11968, 138, 18.5687, 12.6142, 87.0069, 41.5662, 0.90622
3, AKAZE, FREAK, MAT_BF, SEL_KNN, 1561, 12224, 149, 15.2109, 14.091, 83.0826, 41.5315, 1.01286
4, AKAZE, FREAK, MAT_BF, SEL_KNN, 1545, 11648, 152, 14.9333, 16.6894, 88.5628, 41.8905, 0.986525
5, AKAZE, FREAK, MAT_BF, SEL_KNN, 1526, 11840, 138, 18.4678, 15.7465, 87.6905, 41.8739, 0.951536
6, AKAZE, FREAK, MAT_BF, SEL_KNN, 1566, 12096, 146, 14.8595, 12.7835, 86.9386, 41.6666, 0.95046
7, AKAZE, FREAK, MAT_BF, SEL_KNN, 1529, 12480, 156, 20.0765, 11.9844, 89.5722, 42.0703, 1.01169
8, AKAZE, FREAK, MAT_BF, SEL_KNN, 1547, 12736, 160, 16.9449, 13.1241, 86.5422, 42.1505, 1.04904
9, AKAZE, FREAK, MAT_BF, SEL_KNN, 1572, 12928, 161, 13.8939, 13.0241, 88.3496, 43.0907, 1.0799
10, AKAZE, FREAK, MAT_BF, SEL_KNN, 1567, 12544, 156, 12.8522, 11.1746, 87.5503, 43.0909, 1.08493
11, AKAZE, FREAK, MAT_BF, SEL_KNN, 1538, 11840, 144, 14.5108, 12.8086, 90.4653, 42.6871, 0.983954
12, AKAZE, FREAK, MAT_BF, SEL_KNN, 1513, 12032, 145, 10.9026, 8.95978, 86.0127, 42.4841, 0.963553
13, AKAZE, FREAK, MAT_BF, SEL_KNN, 1538, 12416, 156, 13.7073, 9.96439, 83.2156, 42.8963, 0.986513
14, AKAZE, FREAK, MAT_BF, SEL_KNN, 1555, 12288, 155, 13.281, 9.59863, 82.5493, 42.7136, 1.01757
15, AKAZE, FREAK, MAT_BF, SEL_KNN, 1544, 12480, 150, 11.2072, 8.52157, 90.4666, 42.5796, 0.999247
16, AKAZE, FREAK, MAT_BF, SEL_KNN, 1563, 12544, 143, 13.1502, 9.51552, 89.8598, 42.7525, 1.04698
17, AKAZE, FREAK, MAT_BF, SEL_KNN, 1561, 12608, 146, 11.1658, 9.61241, 86.2894, 42.8204, 1.04573
1, AKAZE, AKAZE, MAT_BF, SEL_KNN, 1541, 10919, 153, 14.8738, 12.5156, 85.7078, 74.8039, 0.992151
2, AKAZE, AKAZE, MAT_BF, SEL_KNN, 1529, 11407, 155, 18.0822, 12.6142, 86.417, 70.0903, 1.0226
3, AKAZE, AKAZE, MAT_BF, SEL_KNN, 1561, 11651, 164, 13.7493, 14.091, 87.7559, 71.2591, 1.08856
4, AKAZE, AKAZE, MAT_BF, SEL_KNN, 1545, 11102, 152, 16.933, 16.6894, 89.3695, 73.7668, 1.05611
5, AKAZE, AKAZE, MAT_BF, SEL_KNN, 1526, 11285, 144, 17.966, 15.7465, 85.5545, 73.3903, 1.02427
6, AKAZE, AKAZE, MAT_BF, SEL_KNN, 1566, 11529, 148, 18.5209, 12.7835, 89.5107, 72.9158, 1.0521
7, AKAZE, AKAZE, MAT_BF, SEL_KNN, 1529, 11895, 158, 17.611, 11.9844, 87.0461, 72.1738, 1.11358
8, AKAZE, AKAZE, MAT_BF, SEL_KNN, 1547, 12139, 163, 17.0351, 13.1241, 87.7277, 69.67, 1.1582
9, AKAZE, AKAZE, MAT_BF, SEL_KNN, 1572, 12322, 172, 17.1957, 13.0241, 90.1335, 72.4935, 1.18777
10, AKAZE, AKAZE, MAT_BF, SEL_KNN, 1567, 11956, 169, 12.3834, 11.1746, 90.8691, 74.785, 1.20115
11, AKAZE, AKAZE, MAT_BF, SEL_KNN, 1538, 11285, 157, 14.3935, 12.8086, 90.6448, 72.6174, 1.11945
12, AKAZE, AKAZE, MAT_BF, SEL_KNN, 1513, 11468, 158, 13.7146, 8.95978, 83.9757, 73.3465, 1.05426
13, AKAZE, AKAZE, MAT_BF, SEL_KNN, 1538, 11834, 154, 14.0067, 9.96439, 83.2709, 71.4951, 1.12211
14, AKAZE, AKAZE, MAT_BF, SEL_KNN, 1555, 11712, 172, 14.2115, 9.59863, 86.8503, 70.5764, 1.15074
15, AKAZE, AKAZE, MAT_BF, SEL_KNN, 1544, 11895, 161, 12.1309, 8.52157, 90.3547, 71.9523, 1.11721
16, AKAZE, AKAZE, MAT_BF, SEL_KNN, 1563, 11956, 159, 13.1524, 9.51552, 87.7239, 69.571, 1.1356
17, AKAZE, AKAZE, MAT_BF, SEL_KNN, 1561, 12017, 158, 10.0798, 9.61241, 90.3665, 72.2281, 1.14802
1, AKAZE, SIFT, MAT_BF, SEL_KNN, 1541, 22912, 151, 15.2318, 12.5156, 86.7441, 34.3611, 1.60616
2, AKAZE, SIFT, MAT_BF, SEL_KNN, 1529, 23936, 158, 18.861, 12.6142, 87.4572, 33.7579, 1.58962
3, AKAZE, SIFT, MAT_BF, SEL_KNN, 1561, 24448, 169, 16.553, 14.091, 81.2983, 34.2733, 1.72815
4, AKAZE, SIFT, MAT_BF, SEL_KNN, 1545, 23296, 154, 17.8851, 16.6894, 79.866, 33.5141, 1.70227
5, AKAZE, SIFT, MAT_BF, SEL_KNN, 1526, 23680, 150, 18.7224, 15.7465, 87.1851, 33.2939, 1.59742
6, AKAZE, SIFT, MAT_BF, SEL_KNN, 1566, 24192, 149, 22.5589, 12.7835, 91.029, 33.9429, 1.65454
7, AKAZE, SIFT, MAT_BF, SEL_KNN, 1529, 24960, 163, 17.9045, 11.9844, 85.2383, 33.593, 1.75721
8, AKAZE, SIFT, MAT_BF, SEL_KNN, 1547, 25472, 167, 16.9345, 13.1241, 80.3996, 34.7049, 1.84856
9, AKAZE, SIFT, MAT_BF, SEL_KNN, 1572, 25856, 175, 16.9621, 13.0241, 81.2321, 36.9562, 1.90642
10, AKAZE, SIFT, MAT_BF, SEL_KNN, 1567, 25088, 173, 14.3579, 11.1746, 96.9763, 36.1241, 1.84665
11, AKAZE, SIFT, MAT_BF, SEL_KNN, 1538, 23680, 162, 13.5933, 12.8086, 82.9689, 34.7797, 1.70209
12, AKAZE, SIFT, MAT_BF, SEL_KNN, 1513, 24064, 163, 12.4998, 8.95978, 82.8889, 35.5938, 1.67161
13, AKAZE, SIFT, MAT_BF, SEL_KNN, 1538, 24832, 168, 14.3775, 9.96439, 86.03, 35.3715, 1.71151
14, AKAZE, SIFT, MAT_BF, SEL_KNN, 1555, 24576, 172, 13.7856, 9.59863, 89.3067, 34.9389, 1.74935
15, AKAZE, SIFT, MAT_BF, SEL_KNN, 1544, 24960, 169, 11.3, 8.52157, 94.6209, 34.3851, 1.77541
16, AKAZE, SIFT, MAT_BF, SEL_KNN, 1563, 25088, 165, 13.2749, 9.51552, 87.6572, 34.9759, 1.79376
17, AKAZE, SIFT, MAT_BF, SEL_KNN, 1561, 25216, 158, 9.99611, 9.61241, 80.1574, 35.2232, 1.81547
1, SIFT, BRISK, MAT_BF, SEL_KNN, 1915, 11392, 95, 16.3605, 12.5156, 161.585, 2.87447, 0.894747
2, SIFT, BRISK, MAT_BF, SEL_KNN, 1824, 12800, 92, 12.7836, 12.6142, 158.843, 3.14585, 0.942107
3, SIFT, BRISK, MAT_BF, SEL_KNN, 1837, 12288, 104, 19.7504, 14.091, 159.148, 3.01415, 0.992874
4, SIFT, BRISK, MAT_BF, SEL_KNN, 1828, 10880, 103, 21.5634, 16.6894, 135.536, 2.82638, 0.924601
5, SIFT, BRISK, MAT_BF, SEL_KNN, 1875, 11392, 85, 15.1343, 15.7465, 133.094, 2.90032, 0.840295
6, SIFT, BRISK, MAT_BF, SEL_KNN, 1931, 12352, 102, 12.2106, 12.7835, 164.057, 2.99896, 0.903591
7, SIFT, BRISK, MAT_BF, SEL_KNN, 1963, 13952, 106, 21.2087, 11.9844, 161.94, 3.26193, 1.18218
8, SIFT, BRISK, MAT_BF, SEL_KNN, 1954, 13376, 108, 16.1229, 13.1241, 163.479, 3.20776, 1.17596
9, SIFT, BRISK, MAT_BF, SEL_KNN, 1983, 11776, 118, 14.0887, 13.0241, 160.832, 2.95575, 1.06268
10, SIFT, BRISK, MAT_BF, SEL_KNN, 2043, 10880, 94, 10.7714, 11.1746, 161.555, 2.83972, 0.879782
11, SIFT, BRISK, MAT_BF, SEL_KNN, 2065, 11840, 88, 13.6192, 12.8086, 164.146, 3.10101, 0.858445
12, SIFT, BRISK, MAT_BF, SEL_KNN, 2007, 11136, 88, 10.6909, 8.95978, 161.38, 2.91257, 0.86482
13, SIFT, BRISK, MAT_BF, SEL_KNN, 2030, 10688, 83, 12.3916, 9.96439, 132.491, 2.7889, 0.864185
14, SIFT, BRISK, MAT_BF, SEL_KNN, 2048, 10688, 94, 12.389, 9.59863, 138.086, 2.79208, 0.819273
15, SIFT, BRISK, MAT_BF, SEL_KNN, 2044, 11584, 82, 10.9291, 8.52157, 162.537, 3.00475, 0.867971
16, SIFT, BRISK, MAT_BF, SEL_KNN, 2086, 10368, 95, 9.82272, 9.51552, 135.033, 2.75815, 0.816102
17, SIFT, BRISK, MAT_BF, SEL_KNN, 2093, 10368, 77, 9.52357, 9.61241, 132.766, 2.83781, 0.751973
1, SIFT, BRIEF, MAT_BF, SEL_KNN, 1915, 5696, 110, 14.2715, 12.5156, 159.771, 1.40703, 0.888194
2, SIFT, BRIEF, MAT_BF, SEL_KNN, 1824, 6400, 107, 16.6362, 12.6142, 160.134, 1.47862, 0.945802
3, SIFT, BRIEF, MAT_BF, SEL_KNN, 1837, 6144, 117, 19.1708, 14.091, 158.645, 1.49405, 0.988897
4, SIFT, BRIEF, MAT_BF, SEL_KNN, 1828, 5440, 121, 20.3751, 16.6894, 157.427, 1.35419, 0.888482
5, SIFT, BRIEF, MAT_BF, SEL_KNN, 1875, 5696, 96, 21.3618, 15.7465, 162.386, 1.41732, 0.844247
6, SIFT, BRIEF, MAT_BF, SEL_KNN, 1931, 6176, 114, 16.9557, 12.7835, 164.931, 1.50728, 0.885279
7, SIFT, BRIEF, MAT_BF, SEL_KNN, 1963, 6976, 123, 16.5341, 11.9844, 135.25, 1.54847, 1.03384
8, SIFT, BRIEF, MAT_BF, SEL_KNN, 1954, 6688, 128, 14.8895, 13.1241, 131.708, 1.49839, 1.11597
9, SIFT, BRIEF, MAT_BF, SEL_KNN, 1983, 5888, 140, 13.1723, 13.0241, 160.917, 1.47949, 1.00863
10, SIFT, BRIEF, MAT_BF, SEL_KNN, 2043, 5440, 105, 10.7578, 11.1746, 133.269, 1.41682, 0.791366
11, SIFT, BRIEF, MAT_BF, SEL_KNN, 2065, 5920, 106, 13.8615, 12.8086, 136.038, 1.51017, 0.831282
12, SIFT, BRIEF, MAT_BF, SEL_KNN, 2007, 5568, 107, 10.5144, 8.95978, 163.097, 1.43049, 0.868011
13, SIFT, BRIEF, MAT_BF, SEL_KNN, 2030, 5344, 103, 11.2856, 9.96439, 134.619, 1.3595, 0.812524
14, SIFT, BRIEF, MAT_BF, SEL_KNN, 2048, 5344, 107, 10.8447, 9.59863, 134.546, 1.35532, 0.732789
15, SIFT, BRIEF, MAT_BF, SEL_KNN, 2044, 5792, 90, 9.79529, 8.52157, 160.396, 1.41089, 0.788771
16, SIFT, BRIEF, MAT_BF, SEL_KNN, 2086, 5184, 111, 10.1257, 9.51552, 161.482, 1.39139, 0.80363
17, SIFT, BRIEF, MAT_BF, SEL_KNN, 2093, 5184, 82, 11.0919, 9.61241, 161.285, 1.34845, 0.769176
1, SIFT, FREAK, MAT_BF, SEL_KNN, 1915, 11328, 89, 13.2076, 12.5156, 158.881, 42.8489, 0.879896
2, SIFT, FREAK, MAT_BF, SEL_KNN, 1824, 12736, 94, 13.8773, 12.6142, 163.501, 42.6694, 0.960096
3, SIFT, FREAK, MAT_BF, SEL_KNN, 1837, 12224, 105, 13.6642, 14.091, 158.351, 42.1545, 1.00235
4, SIFT, FREAK, MAT_BF, SEL_KNN, 1828, 10816, 99, 23.8464, 16.6894, 158.944, 42.4606, 0.896273
5, SIFT, FREAK, MAT_BF, SEL_KNN, 1875, 11328, 84, 17.0445, 15.7465, 161.265, 44.3253, 0.822268
6, SIFT, FREAK, MAT_BF, SEL_KNN, 1931, 12288, 98, 12.3894, 12.7835, 160.695, 42.2589, 0.926415
7, SIFT, FREAK, MAT_BF, SEL_KNN, 1963, 13888, 108, 14.9089, 11.9844, 161.742, 44.1563, 1.14769
8, SIFT, FREAK, MAT_BF, SEL_KNN, 1954, 13312, 112, 15.5638, 13.1241, 164.131, 43.1402, 1.16286
9, SIFT, FREAK, MAT_BF, SEL_KNN, 1983, 11712, 108, 12.9656, 13.0241, 166.516, 44.0853, 1.01629
10, SIFT, FREAK, MAT_BF, SEL_KNN, 2043, 10816, 94, 11.3858, 11.1746, 165.157, 42.9758, 0.875485
11, SIFT, FREAK, MAT_BF, SEL_KNN, 2065, 11712, 90, 16.2968, 12.8086, 164.236, 42.8781, 0.854865
12, SIFT, FREAK, MAT_BF, SEL_KNN, 2007, 11072, 85, 10.6331, 8.95978, 165.242, 42.2325, 0.912053
13, SIFT, FREAK, MAT_BF, SEL_KNN, 2030, 10688, 80, 11.8705, 9.96439, 162.457, 42.5343, 0.827286
14, SIFT, FREAK, MAT_BF, SEL_KNN, 2048, 10624, 98, 11.7507, 9.59863, 164.135, 42.5965, 0.799656
15, SIFT, FREAK, MAT_BF, SEL_KNN, 2044, 11520, 78, 9.17138, 8.52157, 161.194, 41.9449, 0.858241
16, SIFT, FREAK, MAT_BF, SEL_KNN, 2086, 10368, 96, 8.77179, 9.51552, 168.04, 45.6285, 0.820137
17, SIFT, FREAK, MAT_BF, SEL_KNN, 2093, 10304, 78, 9.32997, 9.61241, 164.254, 42.8975, 0.803136
1, SIFT, SIFT, MAT_BF, SEL_KNN, 1915, 22784, 122, 12.5674, 12.5156, 160.864, 118.726, 1.49178
2, SIFT, SIFT, MAT_BF, SEL_KNN, 1824, 25600, 112, 14.0451, 12.6142, 158.869, 118.024, 2.1995
3, SIFT, SIFT, MAT_BF, SEL_KNN, 1837, 24576, 127, 13.097, 14.091, 131.816, 92.6304, 1.8073
4, SIFT, SIFT, MAT_BF, SEL_KNN, 1828, 21760, 125, 18.7832, 16.6894, 133.616, 91.7785, 1.58327
5, SIFT, SIFT, MAT_BF, SEL_KNN, 1875, 22784, 112, 15.2952, 15.7465, 132.216, 92.8583, 1.45253
6, SIFT, SIFT, MAT_BF, SEL_KNN, 1931, 24704, 119, 11.0839, 12.7835, 132.361, 92.9856, 1.61132
7, SIFT, SIFT, MAT_BF, SEL_KNN, 1963, 27904, 139, 13.3366, 11.9844, 164.501, 121.356, 1.86774
8, SIFT, SIFT, MAT_BF, SEL_KNN, 1954, 26752, 143, 18.1304, 13.1241, 165.04, 122.371, 2.07291
9, SIFT, SIFT, MAT_BF, SEL_KNN, 1983, 23552, 143, 12.83, 13.0241, 162.872, 118.839, 1.75396
10, SIFT, SIFT, MAT_BF, SEL_KNN, 2043, 21760, 116, 11.9043, 11.1746, 160.433, 115.22, 1.44144
11, SIFT, SIFT, MAT_BF, SEL_KNN, 2065, 23680, 116, 12.4056, 12.8086, 134.372, 93.0408, 1.52027
12, SIFT, SIFT, MAT_BF, SEL_KNN, 2007, 22272, 121, 11.2249, 8.95978, 134.98, 92.929, 1.55963
13, SIFT, SIFT, MAT_BF, SEL_KNN, 2030, 21376, 126, 11.3308, 9.96439, 165.366, 116.782, 1.37031
14, SIFT, SIFT, MAT_BF, SEL_KNN, 2048, 21376, 125, 9.475, 9.59863, 166.741, 117.729, 1.29803
15, SIFT, SIFT, MAT_BF, SEL_KNN, 2044, 23168, 120, 10.4491, 8.52157, 164.055, 117.388, 1.41542
16, SIFT, SIFT, MAT_BF, SEL_KNN, 2086, 20736, 121, 9.18924, 9.51552, 161.159, 118.288, 1.34895
17, SIFT, SIFT, MAT_BF, SEL_KNN, 2093, 20736, 106, 9.07809, 9.61241, 136.664, 93.4793, 1.29429
